"Name","RequiredServices","CanPauseAndContinue","CanShutdown","CanStop","DisplayName","DependentServices","MachineName","ServiceName","ServicesDependedOn","ServiceHandle","Status","ServiceType","StartType","Site","Container"
"AarSvc_1b81a2","System.ServiceProcess.ServiceController[]","False","False","False","Agent Activation Runtime_1b81a2","System.ServiceProcess.ServiceController[]",".","AarSvc_1b81a2","System.ServiceProcess.ServiceController[]",,"Stopped","224","Manual",,
"AJRouter","System.ServiceProcess.ServiceController[]","False","False","False","AllJoyn Router Service","System.ServiceProcess.ServiceController[]",".","AJRouter","System.ServiceProcess.ServiceController[]",,"Stopped","Win32OwnProcess, Win32ShareProcess","Manual",,
"ALG","System.ServiceProcess.ServiceController[]","False","False","False","Application Layer Gateway Service","System.ServiceProcess.ServiceController[]",".","ALG","System.ServiceProcess.ServiceController[]",,"Stopped","Win32OwnProcess","Manual",,
"AOTAgentSvc","System.ServiceProcess.ServiceController[]","False","True","True","Trend Micro Telemetry Service","System.ServiceProcess.ServiceController[]",".","AOTAgentSvc","System.ServiceProcess.ServiceController[]",,"Running","Win32OwnProcess","Automatic",,
"AppIDSvc","System.ServiceProcess.ServiceController[]","False","False","False","Application Identity","System.ServiceProcess.ServiceController[]",".","AppIDSvc","System.ServiceProcess.ServiceController[]",,"Stopped","Win32ShareProcess","Manual",,
"Appinfo","System.ServiceProcess.ServiceController[]","False","False","True","Application Information","System.ServiceProcess.ServiceController[]",".","Appinfo","System.ServiceProcess.ServiceController[]",,"Running","Win32OwnProcess, Win32ShareProcess","Manual",,
"AppMgmt","System.ServiceProcess.ServiceController[]","False","False","False","Application Management","System.ServiceProcess.ServiceController[]",".","AppMgmt","System.ServiceProcess.ServiceController[]",,"Stopped","Win32ShareProcess","Manual",,
"AppReadiness","System.ServiceProcess.ServiceController[]","False","False","False","App Readiness","System.ServiceProcess.ServiceController[]",".","AppReadiness","System.ServiceProcess.ServiceController[]",,"Stopped","Win32OwnProcess, Win32ShareProcess","Manual",,
"AppVClient","System.ServiceProcess.ServiceController[]","False","False","False","Microsoft App-V Client","System.ServiceProcess.ServiceController[]",".","AppVClient","System.ServiceProcess.ServiceController[]",,"Stopped","Win32OwnProcess","Disabled",,
"AppXSvc","System.ServiceProcess.ServiceController[]","False","False","False","AppX Deployment Service (AppXSVC)","System.ServiceProcess.ServiceController[]",".","AppXSvc","System.ServiceProcess.ServiceController[]",,"Stopped","Win32OwnProcess, Win32ShareProcess","Manual",,
"AssignedAccessManagerSvc","System.ServiceProcess.ServiceController[]","False","False","False","AssignedAccessManager Service","System.ServiceProcess.ServiceController[]",".","AssignedAccessManagerSvc","System.ServiceProcess.ServiceController[]",,"Stopped","Win32ShareProcess","Manual",,
"AudioEndpointBuilder","System.ServiceProcess.ServiceController[]","False","False","True","Windows Audio Endpoint Builder","System.ServiceProcess.ServiceController[]",".","AudioEndpointBuilder","System.ServiceProcess.ServiceController[]",,"Running","Win32OwnProcess, Win32ShareProcess","Automatic",,
"Audiosrv","System.ServiceProcess.ServiceController[]","False","False","True","Windows Audio","System.ServiceProcess.ServiceController[]",".","Audiosrv","System.ServiceProcess.ServiceController[]",,"Running","Win32OwnProcess","Automatic",,
"autotimesvc","System.ServiceProcess.ServiceController[]","False","False","False","Cellular Time","System.ServiceProcess.ServiceController[]",".","autotimesvc","System.ServiceProcess.ServiceController[]",,"Stopped","Win32OwnProcess","Manual",,
"AxInstSV","System.ServiceProcess.ServiceController[]","False","False","False","ActiveX Installer (AxInstSV)","System.ServiceProcess.ServiceController[]",".","AxInstSV","System.ServiceProcess.ServiceController[]",,"Stopped","Win32ShareProcess","Manual",,
"BcastDVRUserService_1b81a2","System.ServiceProcess.ServiceController[]","False","False","False","GameDVR and Broadcast User Service_1b81a2","System.ServiceProcess.ServiceController[]",".","BcastDVRUserService_1b81a2","System.ServiceProcess.ServiceController[]",,"Stopped","240","Manual",,
"BDESVC","System.ServiceProcess.ServiceController[]","False","False","True","BitLocker Drive Encryption Service","System.ServiceProcess.ServiceController[]",".","BDESVC","System.ServiceProcess.ServiceController[]",,"Running","Win32OwnProcess, Win32ShareProcess","Manual",,
"BFE","System.ServiceProcess.ServiceController[]","False","False","True","Base Filtering Engine",,".","BFE","System.ServiceProcess.ServiceController[]",,"Running","Win32ShareProcess","Automatic",,
"BITS","System.ServiceProcess.ServiceController[]","False","False","False","Background Intelligent Transfer Service","System.ServiceProcess.ServiceController[]",".","BITS","System.ServiceProcess.ServiceController[]",,"Stopped","Win32ShareProcess","Manual",,
"BluetoothUserService_1b81a2","System.ServiceProcess.ServiceController[]","False","False","True","Bluetooth User Support Service_1b81a2","System.ServiceProcess.ServiceController[]",".","BluetoothUserService_1b81a2","System.ServiceProcess.ServiceController[]",,"Running","240","Manual",,
"brave","System.ServiceProcess.ServiceController[]","False","False","False","Brave Update Service (brave)","System.ServiceProcess.ServiceController[]",".","brave","System.ServiceProcess.ServiceController[]",,"Stopped","Win32OwnProcess","Automatic",,
"BraveElevationService","System.ServiceProcess.ServiceController[]","False","False","False","Brave Elevation Service (BraveElevationService)","System.ServiceProcess.ServiceController[]",".","BraveElevationService","System.ServiceProcess.ServiceController[]",,"Stopped","Win32OwnProcess","Manual",,
"bravem","System.ServiceProcess.ServiceController[]","False","False","False","Brave Update Service (bravem)","System.ServiceProcess.ServiceController[]",".","bravem","System.ServiceProcess.ServiceController[]",,"Stopped","Win32OwnProcess","Manual",,
"BrokerInfrastructure","System.ServiceProcess.ServiceController[]","False","False","False","Background Tasks Infrastructure Service",,".","BrokerInfrastructure","System.ServiceProcess.ServiceController[]",,"Running","Win32ShareProcess","Automatic",,
"BTAGService","System.ServiceProcess.ServiceController[]","False","False","True","Bluetooth Audio Gateway Service","System.ServiceProcess.ServiceController[]",".","BTAGService","System.ServiceProcess.ServiceController[]",,"Running","Win32OwnProcess, Win32ShareProcess","Manual",,
"BthAvctpSvc","System.ServiceProcess.ServiceController[]","False","False","True","AVCTP service","System.ServiceProcess.ServiceController[]",".","BthAvctpSvc","System.ServiceProcess.ServiceController[]",,"Running","Win32OwnProcess, Win32ShareProcess","Manual",,
"bthserv","System.ServiceProcess.ServiceController[]","False","True","True","Bluetooth Support Service","System.ServiceProcess.ServiceController[]",".","bthserv","System.ServiceProcess.ServiceController[]",,"Running","Win32OwnProcess, Win32ShareProcess","Manual",,
"camsvc","System.ServiceProcess.ServiceController[]","False","True","True","Capability Access Manager Service","System.ServiceProcess.ServiceController[]",".","camsvc","System.ServiceProcess.ServiceController[]",,"Running","Win32OwnProcess, Win32ShareProcess","Manual",,
"CaptureService_1b81a2","System.ServiceProcess.ServiceController[]","False","False","False","CaptureService_1b81a2","System.ServiceProcess.ServiceController[]",".","CaptureService_1b81a2","System.ServiceProcess.ServiceController[]",,"Stopped","240","Manual",,
"cbdhsvc_1b81a2","System.ServiceProcess.ServiceController[]","False","False","True","Clipboard User Service_1b81a2","System.ServiceProcess.ServiceController[]",".","cbdhsvc_1b81a2","System.ServiceProcess.ServiceController[]",,"Running","240","Automatic",,
"CDPSvc","System.ServiceProcess.ServiceController[]","False","False","True","Connected Devices Platform Service","System.ServiceProcess.ServiceController[]",".","CDPSvc","System.ServiceProcess.ServiceController[]",,"Running","Win32OwnProcess, Win32ShareProcess","Automatic",,
"CDPUserSvc_1b81a2","System.ServiceProcess.ServiceController[]","False","False","True","Connected Devices Platform User Service_1b81a2","System.ServiceProcess.ServiceController[]",".","CDPUserSvc_1b81a2","System.ServiceProcess.ServiceController[]",,"Running","240","Automatic",,
"CertPropSvc","System.ServiceProcess.ServiceController[]","False","False","False","Certificate Propagation","System.ServiceProcess.ServiceController[]",".","CertPropSvc","System.ServiceProcess.ServiceController[]",,"Stopped","Win32ShareProcess","Manual",,
"CETASvc","System.ServiceProcess.ServiceController[]","False","True","False","Trend Micro Cloud Endpoint Telemetry Service","System.ServiceProcess.ServiceController[]",".","CETASvc","System.ServiceProcess.ServiceController[]",,"Running","Win32OwnProcess","Automatic",,
"ClickToRunSvc","System.ServiceProcess.ServiceController[]","False","True","True","Microsoft Office Click-to-Run Service","System.ServiceProcess.ServiceController[]",".","ClickToRunSvc","System.ServiceProcess.ServiceController[]",,"Running","Win32OwnProcess","Automatic",,
"ClipSVC","System.ServiceProcess.ServiceController[]","False","False","False","Client License Service (ClipSVC)","System.ServiceProcess.ServiceController[]",".","ClipSVC","System.ServiceProcess.ServiceController[]",,"Stopped","Win32OwnProcess, Win32ShareProcess","Manual",,
"CloudBackupRestoreSvc_1b81a2","System.ServiceProcess.ServiceController[]","False","False","False","Cloud Backup and Restore Service_1b81a2","System.ServiceProcess.ServiceController[]",".","CloudBackupRestoreSvc_1b81a2","System.ServiceProcess.ServiceController[]",,"Stopped","224","Manual",,
"CloudEndpointService","System.ServiceProcess.ServiceController[]","False","True","False","Cloud Endpoint Service","System.ServiceProcess.ServiceController[]",".","CloudEndpointService","System.ServiceProcess.ServiceController[]",,"Running","Win32OwnProcess","Automatic",,
"cloudidsvc","System.ServiceProcess.ServiceController[]","False","False","False","Microsoft Cloud Identity Service","System.ServiceProcess.ServiceController[]",".","cloudidsvc","System.ServiceProcess.ServiceController[]",,"Stopped","Win32OwnProcess","Manual",,
"COMSysApp","System.ServiceProcess.ServiceController[]","False","False","False","COM+ System Application","System.ServiceProcess.ServiceController[]",".","COMSysApp","System.ServiceProcess.ServiceController[]",,"Stopped","Win32OwnProcess","Manual",,
"ConsentUxUserSvc_1b81a2","System.ServiceProcess.ServiceController[]","False","False","False","ConsentUX User Service_1b81a2","System.ServiceProcess.ServiceController[]",".","ConsentUxUserSvc_1b81a2","System.ServiceProcess.ServiceController[]",,"Stopped","240","Manual",,
"CoreMessagingRegistrar","System.ServiceProcess.ServiceController[]","False","False","False","CoreMessaging","System.ServiceProcess.ServiceController[]",".","CoreMessagingRegistrar","System.ServiceProcess.ServiceController[]",,"Running","Win32ShareProcess","Automatic",,
"cplspcon","System.ServiceProcess.ServiceController[]","False","False","True","Intel(R) Content Protection HDCP Service","System.ServiceProcess.ServiceController[]",".","cplspcon","System.ServiceProcess.ServiceController[]",,"Running","Win32OwnProcess","Automatic",,
"CredentialEnrollmentManagerUserSvc_1b81a2","System.ServiceProcess.ServiceController[]","False","False","False","CredentialEnrollmentManagerUserSvc_1b81a2","System.ServiceProcess.ServiceController[]",".","CredentialEnrollmentManagerUserSvc_1b81a2","System.ServiceProcess.ServiceController[]",,"Stopped","208","Manual",,
"CryptSvc","System.ServiceProcess.ServiceController[]","False","True","True","Cryptographic Services","System.ServiceProcess.ServiceController[]",".","CryptSvc","System.ServiceProcess.ServiceController[]",,"Running","Win32OwnProcess","Automatic",,
"CscService","System.ServiceProcess.ServiceController[]","False","False","False","Offline Files","System.ServiceProcess.ServiceController[]",".","CscService","System.ServiceProcess.ServiceController[]",,"Stopped","Win32ShareProcess","Manual",,
"DcomLaunch","System.ServiceProcess.ServiceController[]","False","False","False","DCOM Server Process Launcher",,".","DcomLaunch","System.ServiceProcess.ServiceController[]",,"Running","Win32ShareProcess","Automatic",,
"dcsvc","System.ServiceProcess.ServiceController[]","False","False","False","Declared Configuration(DC) service","System.ServiceProcess.ServiceController[]",".","dcsvc","System.ServiceProcess.ServiceController[]",,"Stopped","Win32OwnProcess","Manual",,
"defragsvc","System.ServiceProcess.ServiceController[]","False","False","False","Optimize drives","System.ServiceProcess.ServiceController[]",".","defragsvc","System.ServiceProcess.ServiceController[]",,"Stopped","Win32OwnProcess","Manual",,
"DeviceAssociationBrokerSvc_1b81a2","System.ServiceProcess.ServiceController[]","False","False","False","DeviceAssociationBroker_1b81a2","System.ServiceProcess.ServiceController[]",".","DeviceAssociationBrokerSvc_1b81a2","System.ServiceProcess.ServiceController[]",,"Stopped","224","Manual",,
"DeviceAssociationService","System.ServiceProcess.ServiceController[]","False","True","True","Device Association Service","System.ServiceProcess.ServiceController[]",".","DeviceAssociationService","System.ServiceProcess.ServiceController[]",,"Running","Win32OwnProcess, Win32ShareProcess","Automatic",,
"DeviceInstall","System.ServiceProcess.ServiceController[]","False","False","False","Device Install Service","System.ServiceProcess.ServiceController[]",".","DeviceInstall","System.ServiceProcess.ServiceController[]",,"Stopped","Win32OwnProcess, Win32ShareProcess","Manual",,
"DevicePickerUserSvc_1b81a2","System.ServiceProcess.ServiceController[]","False","False","False","DevicePicker_1b81a2","System.ServiceProcess.ServiceController[]",".","DevicePickerUserSvc_1b81a2","System.ServiceProcess.ServiceController[]",,"Stopped","224","Manual",,
"DevicesFlowUserSvc_1b81a2","System.ServiceProcess.ServiceController[]","False","False","True","DevicesFlow_1b81a2","System.ServiceProcess.ServiceController[]",".","DevicesFlowUserSvc_1b81a2","System.ServiceProcess.ServiceController[]",,"Running","240","Manual",,
"DevQueryBroker","System.ServiceProcess.ServiceController[]","False","True","True","DevQuery Background Discovery Broker","System.ServiceProcess.ServiceController[]",".","DevQueryBroker","System.ServiceProcess.ServiceController[]",,"Running","Win32OwnProcess, Win32ShareProcess","Manual",,
"Dhcp","System.ServiceProcess.ServiceController[]","False","True","True","DHCP Client","System.ServiceProcess.ServiceController[]",".","Dhcp","System.ServiceProcess.ServiceController[]",,"Running","Win32OwnProcess, Win32ShareProcess","Automatic",,
"diagnosticshub.standardcollector.service","System.ServiceProcess.ServiceController[]","False","False","False","Microsoft (R) Diagnostics Hub Standard Collector Service","System.ServiceProcess.ServiceController[]",".","diagnosticshub.standardcollector.service","System.ServiceProcess.ServiceController[]",,"Stopped","Win32OwnProcess","Manual",,
"diagsvc","System.ServiceProcess.ServiceController[]","False","False","False","Diagnostic Execution Service","System.ServiceProcess.ServiceController[]",".","diagsvc","System.ServiceProcess.ServiceController[]",,"Stopped","Win32ShareProcess","Manual",,
"DiagTrack","System.ServiceProcess.ServiceController[]","False","True","True","Connected User Experiences and Telemetry","System.ServiceProcess.ServiceController[]",".","DiagTrack","System.ServiceProcess.ServiceController[]",,"Running","Win32OwnProcess","Automatic",,
"DialogBlockingService","System.ServiceProcess.ServiceController[]","False","False","False","DialogBlockingService","System.ServiceProcess.ServiceController[]",".","DialogBlockingService","System.ServiceProcess.ServiceController[]",,"Stopped","Win32ShareProcess","Disabled",,
"DispBrokerDesktopSvc","System.ServiceProcess.ServiceController[]","False","False","True","Display Policy Service","System.ServiceProcess.ServiceController[]",".","DispBrokerDesktopSvc","System.ServiceProcess.ServiceController[]",,"Running","Win32OwnProcess, Win32ShareProcess","Automatic",,
"DisplayEnhancementService","System.ServiceProcess.ServiceController[]","False","False","True","Display Enhancement Service","System.ServiceProcess.ServiceController[]",".","DisplayEnhancementService","System.ServiceProcess.ServiceController[]",,"Running","Win32OwnProcess, Win32ShareProcess","Manual",,
"DmEnrollmentSvc","System.ServiceProcess.ServiceController[]","False","False","False","Device Management Enrollment Service","System.ServiceProcess.ServiceController[]",".","DmEnrollmentSvc","System.ServiceProcess.ServiceController[]",,"Stopped","Win32OwnProcess","Manual",,
"dmwappushservice","System.ServiceProcess.ServiceController[]","False","False","False","Device Management Wireless Application Protocol (WAP) Push message Routing Service","System.ServiceProcess.ServiceController[]",".","dmwappushservice","System.ServiceProcess.ServiceController[]",,"Stopped","Win32ShareProcess","Manual",,
"Dnscache","System.ServiceProcess.ServiceController[]","False","False","False","DNS Client","System.ServiceProcess.ServiceController[]",".","Dnscache","System.ServiceProcess.ServiceController[]",,"Running","Win32OwnProcess","Automatic",,
"DolbyDAXAPI","System.ServiceProcess.ServiceController[]","False","True","True","Dolby DAX API Service","System.ServiceProcess.ServiceController[]",".","DolbyDAXAPI","System.ServiceProcess.ServiceController[]",,"Running","Win32OwnProcess","Automatic",,
"DolbyFusionAPI","System.ServiceProcess.ServiceController[]","False","True","True","Dolby Fusion API Service","System.ServiceProcess.ServiceController[]",".","DolbyFusionAPI","System.ServiceProcess.ServiceController[]",,"Running","Win32OwnProcess","Automatic",,
"DoSvc","System.ServiceProcess.ServiceController[]","False","False","True","Delivery Optimization","System.ServiceProcess.ServiceController[]",".","DoSvc","System.ServiceProcess.ServiceController[]",,"Running","Win32OwnProcess","Automatic",,
"dot3svc","System.ServiceProcess.ServiceController[]","False","False","False","Wired AutoConfig","System.ServiceProcess.ServiceController[]",".","dot3svc","System.ServiceProcess.ServiceController[]",,"Stopped","Win32ShareProcess","Manual",,
"DPS","System.ServiceProcess.ServiceController[]","False","True","True","Diagnostic Policy Service","System.ServiceProcess.ServiceController[]",".","DPS","System.ServiceProcess.ServiceController[]",,"Running","Win32OwnProcess, Win32ShareProcess","Automatic",,
"dptftcs","System.ServiceProcess.ServiceController[]","True","False","True","Intel(R) Dynamic Tuning Technology Telemetry Service","System.ServiceProcess.ServiceController[]",".","dptftcs","System.ServiceProcess.ServiceController[]",,"Running","Win32OwnProcess","Automatic",,
"DsmSvc","System.ServiceProcess.ServiceController[]","False","False","False","Device Setup Manager","System.ServiceProcess.ServiceController[]",".","DsmSvc","System.ServiceProcess.ServiceController[]",,"Stopped","Win32OwnProcess, Win32ShareProcess","Manual",,
"DsSvc","System.ServiceProcess.ServiceController[]","False","False","True","Data Sharing Service","System.ServiceProcess.ServiceController[]",".","DsSvc","System.ServiceProcess.ServiceController[]",,"Running","Win32OwnProcess, Win32ShareProcess","Manual",,
"DusmSvc","System.ServiceProcess.ServiceController[]","False","False","True","Data Usage","System.ServiceProcess.ServiceController[]",".","DusmSvc","System.ServiceProcess.ServiceController[]",,"Running","Win32OwnProcess","Automatic",,
"EapHost","System.ServiceProcess.ServiceController[]","False","False","False","Extensible Authentication Protocol","System.ServiceProcess.ServiceController[]",".","EapHost","System.ServiceProcess.ServiceController[]",,"Stopped","Win32ShareProcess","Manual",,
"edgeupdate","System.ServiceProcess.ServiceController[]","False","False","False","Microsoft Edge Update Service (edgeupdate)","System.ServiceProcess.ServiceController[]",".","edgeupdate","System.ServiceProcess.ServiceController[]",,"Stopped","Win32OwnProcess","Automatic",,
"edgeupdatem","System.ServiceProcess.ServiceController[]","False","False","False","Microsoft Edge Update Service (edgeupdatem)","System.ServiceProcess.ServiceController[]",".","edgeupdatem","System.ServiceProcess.ServiceController[]",,"Stopped","Win32OwnProcess","Manual",,
"EFS","System.ServiceProcess.ServiceController[]","False","False","False","Encrypting File System (EFS)","System.ServiceProcess.ServiceController[]",".","EFS","System.ServiceProcess.ServiceController[]",,"Running","Win32ShareProcess","Manual",,
"embeddedmode","System.ServiceProcess.ServiceController[]","False","False","False","Embedded Mode","System.ServiceProcess.ServiceController[]",".","embeddedmode","System.ServiceProcess.ServiceController[]",,"Stopped","Win32ShareProcess","Manual",,
"EntAppSvc","System.ServiceProcess.ServiceController[]","False","False","False","Enterprise App Management Service","System.ServiceProcess.ServiceController[]",".","EntAppSvc","System.ServiceProcess.ServiceController[]",,"Stopped","Win32ShareProcess","Manual",,
"EPDService","System.ServiceProcess.ServiceController[]","False","True","True","ELAN PST Service","System.ServiceProcess.ServiceController[]",".","EPDService","System.ServiceProcess.ServiceController[]",,"Running","Win32OwnProcess","Automatic",,
"EventSystem","System.ServiceProcess.ServiceController[]","False","False","True","COM+ Event System","System.ServiceProcess.ServiceController[]",".","EventSystem","System.ServiceProcess.ServiceController[]",,"Running","Win32OwnProcess, Win32ShareProcess","Automatic",,
"Everything","System.ServiceProcess.ServiceController[]","False","False","True","Everything","System.ServiceProcess.ServiceController[]",".","Everything","System.ServiceProcess.ServiceController[]",,"Running","Win32OwnProcess","Automatic",,
"fdPHost","System.ServiceProcess.ServiceController[]","False","False","False","Function Discovery Provider Host","System.ServiceProcess.ServiceController[]",".","fdPHost","System.ServiceProcess.ServiceController[]",,"Stopped","Win32ShareProcess","Manual",,
"FDResPub","System.ServiceProcess.ServiceController[]","False","False","False","Function Discovery Resource Publication","System.ServiceProcess.ServiceController[]",".","FDResPub","System.ServiceProcess.ServiceController[]",,"Stopped","Win32ShareProcess","Manual",,
"fhsvc","System.ServiceProcess.ServiceController[]","False","False","False","File History Service","System.ServiceProcess.ServiceController[]",".","fhsvc","System.ServiceProcess.ServiceController[]",,"Stopped","Win32ShareProcess","Manual",,
"FileSyncHelper","System.ServiceProcess.ServiceController[]","False","False","False","FileSyncHelper","System.ServiceProcess.ServiceController[]",".","FileSyncHelper","System.ServiceProcess.ServiceController[]",,"Stopped","Win32OwnProcess","Manual",,
"FontCache","System.ServiceProcess.ServiceController[]","False","True","True","Windows Font Cache Service","System.ServiceProcess.ServiceController[]",".","FontCache","System.ServiceProcess.ServiceController[]",,"Running","Win32OwnProcess, Win32ShareProcess","Automatic",,
"FrameServer","System.ServiceProcess.ServiceController[]","False","False","False","Windows Camera Frame Server","System.ServiceProcess.ServiceController[]",".","FrameServer","System.ServiceProcess.ServiceController[]",,"Stopped","Win32OwnProcess, Win32ShareProcess","Manual",,
"FrameServerMonitor","System.ServiceProcess.ServiceController[]","False","False","False","Windows Camera Frame Server Monitor","System.ServiceProcess.ServiceController[]",".","FrameServerMonitor","System.ServiceProcess.ServiceController[]",,"Stopped","Win32OwnProcess","Manual",,
"GameInputSvc","System.ServiceProcess.ServiceController[]","False","False","False","GameInput Service","System.ServiceProcess.ServiceController[]",".","GameInputSvc","System.ServiceProcess.ServiceController[]",,"Stopped","Win32OwnProcess","Manual",,
"gpsvc","System.ServiceProcess.ServiceController[]","False","False","False","Group Policy Client","System.ServiceProcess.ServiceController[]",".","gpsvc","System.ServiceProcess.ServiceController[]",,"Stopped","Win32OwnProcess, Win32ShareProcess","Automatic",,
"GraphicsPerfSvc","System.ServiceProcess.ServiceController[]","False","False","False","GraphicsPerfSvc","System.ServiceProcess.ServiceController[]",".","GraphicsPerfSvc","System.ServiceProcess.ServiceController[]",,"Stopped","Win32ShareProcess","Manual",,
"HgClientService","System.ServiceProcess.ServiceController[]","False","False","False","Host Guardian Client Service","System.ServiceProcess.ServiceController[]",".","HgClientService","System.ServiceProcess.ServiceController[]",,"Stopped","Win32ShareProcess","Manual",,
"hidserv","System.ServiceProcess.ServiceController[]","False","True","True","Human Interface Device Service","System.ServiceProcess.ServiceController[]",".","hidserv","System.ServiceProcess.ServiceController[]",,"Running","Win32OwnProcess, Win32ShareProcess","Manual",,
"HNS","System.ServiceProcess.ServiceController[]","False","False","True","Host Network Service","System.ServiceProcess.ServiceController[]",".","HNS","System.ServiceProcess.ServiceController[]",,"Running","Win32OwnProcess, Win32ShareProcess","Manual",,
"HvHost","System.ServiceProcess.ServiceController[]","False","True","True","HV Host Service","System.ServiceProcess.ServiceController[]",".","HvHost","System.ServiceProcess.ServiceController[]",,"Running","Win32OwnProcess, Win32ShareProcess","Manual",,
"IBMPMSVC","System.ServiceProcess.ServiceController[]","False","False","True","Lenovo PM Service","System.ServiceProcess.ServiceController[]",".","IBMPMSVC","System.ServiceProcess.ServiceController[]",,"Running","Win32OwnProcess","Automatic",,
"icssvc","System.ServiceProcess.ServiceController[]","False","False","False","Windows Mobile Hotspot Service","System.ServiceProcess.ServiceController[]",".","icssvc","System.ServiceProcess.ServiceController[]",,"Stopped","Win32ShareProcess","Manual",,
"igccservice","System.ServiceProcess.ServiceController[]","True","True","True","Intel(R) Graphics Command Center Service","System.ServiceProcess.ServiceController[]",".","igccservice","System.ServiceProcess.ServiceController[]",,"Running","Win32OwnProcess","Automatic",,
"IKEEXT","System.ServiceProcess.ServiceController[]","False","False","False","IKE and AuthIP IPsec Keying Modules","System.ServiceProcess.ServiceController[]",".","IKEEXT","System.ServiceProcess.ServiceController[]",,"Stopped","Win32ShareProcess","Manual",,
"InstallService","System.ServiceProcess.ServiceController[]","False","False","True","Microsoft Store Install Service","System.ServiceProcess.ServiceController[]",".","InstallService","System.ServiceProcess.ServiceController[]",,"Running","Win32OwnProcess","Manual",,
"Intel(R) Platform License Manager Service","System.ServiceProcess.ServiceController[]","False","False","False","Intel(R) Platform License Manager Service","System.ServiceProcess.ServiceController[]",".","Intel(R) Platform License Manager Service","System.ServiceProcess.ServiceController[]",,"Stopped","Win32OwnProcess","Automatic",,
"IntelAudioService","System.ServiceProcess.ServiceController[]","False","True","True","Intel(R) Audio Service","System.ServiceProcess.ServiceController[]",".","IntelAudioService","System.ServiceProcess.ServiceController[]",,"Running","Win32OwnProcess","Automatic",,
"InventorySvc","System.ServiceProcess.ServiceController[]","False","True","True","Inventory and Compatibility Appraisal service","System.ServiceProcess.ServiceController[]",".","InventorySvc","System.ServiceProcess.ServiceController[]",,"Running","Win32OwnProcess, Win32ShareProcess","Manual",,
"ipfsvc","System.ServiceProcess.ServiceController[]","True","False","True","Intel(R) Innovation Platform Framework Service","System.ServiceProcess.ServiceController[]",".","ipfsvc","System.ServiceProcess.ServiceController[]",,"Running","Win32OwnProcess","Automatic",,
"iphlpsvc","System.ServiceProcess.ServiceController[]","False","False","True","IP Helper","System.ServiceProcess.ServiceController[]",".","iphlpsvc","System.ServiceProcess.ServiceController[]",,"Running","Win32OwnProcess, Win32ShareProcess","Automatic",,
"IpxlatCfgSvc","System.ServiceProcess.ServiceController[]","False","False","False","IP Translation Configuration Service","System.ServiceProcess.ServiceController[]",".","IpxlatCfgSvc","System.ServiceProcess.ServiceController[]",,"Stopped","Win32ShareProcess","Manual",,
"jhi_service","System.ServiceProcess.ServiceController[]","False","False","True","Intel(R) Dynamic Application Loader Host Interface Service","System.ServiceProcess.ServiceController[]",".","jhi_service","System.ServiceProcess.ServiceController[]",,"Running","Win32OwnProcess","Automatic",,
"KeyIso","System.ServiceProcess.ServiceController[]","False","False","True","CNG Key Isolation","System.ServiceProcess.ServiceController[]",".","KeyIso","System.ServiceProcess.ServiceController[]",,"Running","Win32ShareProcess","Manual",,
"KtmRm","System.ServiceProcess.ServiceController[]","False","False","False","KtmRm for Distributed Transaction Coordinator","System.ServiceProcess.ServiceController[]",".","KtmRm","System.ServiceProcess.ServiceController[]",,"Stopped","Win32ShareProcess","Manual",,
"LenovoSmartStandby","System.ServiceProcess.ServiceController[]","True","True","True","Lenovo Smart Standby","System.ServiceProcess.ServiceController[]",".","LenovoSmartStandby","System.ServiceProcess.ServiceController[]",,"Running","Win32OwnProcess","Automatic",,
"LenovoVantageService","System.ServiceProcess.ServiceController[]","False","True","True","Critical Service for Lenovo Vantage","System.ServiceProcess.ServiceController[]",".","LenovoVantageService","System.ServiceProcess.ServiceController[]",,"Running","Win32OwnProcess","Automatic",,
"LenovoVisionService","System.ServiceProcess.ServiceController[]","False","True","True","Lenovo View Service","System.ServiceProcess.ServiceController[]",".","LenovoVisionService","System.ServiceProcess.ServiceController[]",,"Running","Win32OwnProcess","Automatic",,
"LenovoVisionSetupService","System.ServiceProcess.ServiceController[]","False","False","False","Lenovo View Setup","System.ServiceProcess.ServiceController[]",".","LenovoVisionSetupService","System.ServiceProcess.ServiceController[]",,"Stopped","Win32OwnProcess","Manual",,
"lfsvc","System.ServiceProcess.ServiceController[]","False","False","True","Geolocation Service","System.ServiceProcess.ServiceController[]",".","lfsvc","System.ServiceProcess.ServiceController[]",,"Running","Win32OwnProcess, Win32ShareProcess","Manual",,
"LicenseManager","System.ServiceProcess.ServiceController[]","False","False","True","Windows License Manager Service","System.ServiceProcess.ServiceController[]",".","LicenseManager","System.ServiceProcess.ServiceController[]",,"Running","Win32OwnProcess, Win32ShareProcess","Manual",,
"LITSSVC","System.ServiceProcess.ServiceController[]","False","True","True","Lenovo Intelligent Thermal Solution Service","System.ServiceProcess.ServiceController[]",".","LITSSVC","System.ServiceProcess.ServiceController[]",,"Running","Win32OwnProcess","Automatic",,
"lltdsvc","System.ServiceProcess.ServiceController[]","False","False","False","Link-Layer Topology Discovery Mapper","System.ServiceProcess.ServiceController[]",".","lltdsvc","System.ServiceProcess.ServiceController[]",,"Stopped","Win32ShareProcess","Manual",,
"lmhosts","System.ServiceProcess.ServiceController[]","False","False","True","TCP/IP NetBIOS Helper","System.ServiceProcess.ServiceController[]",".","lmhosts","System.ServiceProcess.ServiceController[]",,"Running","Win32OwnProcess, Win32ShareProcess","Manual",,
"LPlatSvc","System.ServiceProcess.ServiceController[]","False","False","False","Lenovo Platform Service","System.ServiceProcess.ServiceController[]",".","LPlatSvc","System.ServiceProcess.ServiceController[]",,"Stopped","Win32OwnProcess","Automatic",,
"LSM","System.ServiceProcess.ServiceController[]","False","False","False","Local Session Manager","System.ServiceProcess.ServiceController[]",".","LSM","System.ServiceProcess.ServiceController[]",,"Running","Win32OwnProcess, Win32ShareProcess","Automatic",,
"LxpSvc","System.ServiceProcess.ServiceController[]","False","False","False","Language Experience Service","System.ServiceProcess.ServiceController[]",".","LxpSvc","System.ServiceProcess.ServiceController[]",,"Stopped","Win32OwnProcess, Win32ShareProcess","Manual",,
"LxssManager","System.ServiceProcess.ServiceController[]","False","False","False","LxssManager","System.ServiceProcess.ServiceController[]",".","LxssManager","System.ServiceProcess.ServiceController[]",,"Stopped","Win32ShareProcess","Manual",,
"MapsBroker","System.ServiceProcess.ServiceController[]","False","False","False","Downloaded Maps Manager","System.ServiceProcess.ServiceController[]",".","MapsBroker","System.ServiceProcess.ServiceController[]",,"Stopped","Win32OwnProcess","Automatic",,
"McpManagementService","System.ServiceProcess.ServiceController[]","False","False","False","McpManagementService","System.ServiceProcess.ServiceController[]",".","McpManagementService","System.ServiceProcess.ServiceController[]",,"Stopped","Win32OwnProcess","Manual",,
"MDCoreSvc","System.ServiceProcess.ServiceController[]","False","False","False","Microsoft Defender Core Service","System.ServiceProcess.ServiceController[]",".","MDCoreSvc","System.ServiceProcess.ServiceController[]",,"Stopped","Win32OwnProcess","Manual",,
"MessagingService_1b81a2","System.ServiceProcess.ServiceController[]","False","False","False","MessagingService_1b81a2","System.ServiceProcess.ServiceController[]",".","MessagingService_1b81a2","System.ServiceProcess.ServiceController[]",,"Stopped","224","Manual",,
"MicrosoftEdgeElevationService","System.ServiceProcess.ServiceController[]","False","False","False","Microsoft Edge Elevation Service (MicrosoftEdgeElevationService)","System.ServiceProcess.ServiceController[]",".","MicrosoftEdgeElevationService","System.ServiceProcess.ServiceController[]",,"Stopped","Win32OwnProcess","Manual",,
"MixedRealityOpenXRSvc","System.ServiceProcess.ServiceController[]","False","False","False","Windows Mixed Reality OpenXR Service","System.ServiceProcess.ServiceController[]",".","MixedRealityOpenXRSvc","System.ServiceProcess.ServiceController[]",,"Stopped","Win32ShareProcess","Manual",,
"mpssvc","System.ServiceProcess.ServiceController[]","False","False","False","Windows Defender Firewall",,".","mpssvc","System.ServiceProcess.ServiceController[]",,"Running","Win32ShareProcess","Automatic",,
"MSDTC","System.ServiceProcess.ServiceController[]","False","False","False","Distributed Transaction Coordinator","System.ServiceProcess.ServiceController[]",".","MSDTC","System.ServiceProcess.ServiceController[]",,"Stopped","Win32OwnProcess","Manual",,
"MSiSCSI","System.ServiceProcess.ServiceController[]","False","False","False","Microsoft iSCSI Initiator Service","System.ServiceProcess.ServiceController[]",".","MSiSCSI","System.ServiceProcess.ServiceController[]",,"Stopped","Win32ShareProcess","Manual",,
"msiserver","System.ServiceProcess.ServiceController[]","False","False","False","Windows Installer","System.ServiceProcess.ServiceController[]",".","msiserver","System.ServiceProcess.ServiceController[]",,"Stopped","Win32OwnProcess","Manual",,
"MsKeyboardFilter","System.ServiceProcess.ServiceController[]","False","False","False","Microsoft Keyboard Filter","System.ServiceProcess.ServiceController[]",".","MsKeyboardFilter","System.ServiceProcess.ServiceController[]",,"Stopped","Win32ShareProcess","Disabled",,
"NaturalAuthentication","System.ServiceProcess.ServiceController[]","False","False","False","Natural Authentication","System.ServiceProcess.ServiceController[]",".","NaturalAuthentication","System.ServiceProcess.ServiceController[]",,"Stopped","Win32ShareProcess","Manual",,
"NcaSvc","System.ServiceProcess.ServiceController[]","False","False","False","Network Connectivity Assistant","System.ServiceProcess.ServiceController[]",".","NcaSvc","System.ServiceProcess.ServiceController[]",,"Stopped","Win32OwnProcess, Win32ShareProcess","Manual",,
"NcbService","System.ServiceProcess.ServiceController[]","False","False","True","Network Connection Broker","System.ServiceProcess.ServiceController[]",".","NcbService","System.ServiceProcess.ServiceController[]",,"Running","Win32OwnProcess, Win32ShareProcess","Manual",,
"NcdAutoSetup","System.ServiceProcess.ServiceController[]","False","False","False","Network Connected Devices Auto-Setup","System.ServiceProcess.ServiceController[]",".","NcdAutoSetup","System.ServiceProcess.ServiceController[]",,"Stopped","Win32ShareProcess","Manual",,
"Netlogon","System.ServiceProcess.ServiceController[]","True","False","True","Netlogon","System.ServiceProcess.ServiceController[]",".","Netlogon","System.ServiceProcess.ServiceController[]",,"Running","Win32ShareProcess","Automatic",,
"Netman","System.ServiceProcess.ServiceController[]","False","False","True","Network Connections","System.ServiceProcess.ServiceController[]",".","Netman","System.ServiceProcess.ServiceController[]",,"Running","Win32OwnProcess, Win32ShareProcess","Manual",,
"netprofm","System.ServiceProcess.ServiceController[]","False","False","True","Network List Service","System.ServiceProcess.ServiceController[]",".","netprofm","System.ServiceProcess.ServiceController[]",,"Running","Win32OwnProcess, Win32ShareProcess","Manual",,
"NetSetupSvc","System.ServiceProcess.ServiceController[]","False","False","False","Network Setup Service","System.ServiceProcess.ServiceController[]",".","NetSetupSvc","System.ServiceProcess.ServiceController[]",,"Stopped","Win32OwnProcess, Win32ShareProcess","Manual",,
"NetTcpPortSharing","System.ServiceProcess.ServiceController[]","False","False","False","Net.Tcp Port Sharing Service","System.ServiceProcess.ServiceController[]",".","NetTcpPortSharing","System.ServiceProcess.ServiceController[]",,"Stopped","Win32ShareProcess","Disabled",,
"NgcCtnrSvc","System.ServiceProcess.ServiceController[]","False","False","False","Microsoft Passport Container",,".","NgcCtnrSvc","System.ServiceProcess.ServiceController[]",,"Stopped","Win32OwnProcess, Win32ShareProcess","Manual",,
"NgcSvc","System.ServiceProcess.ServiceController[]","False","False","False","Microsoft Passport",,".","NgcSvc","System.ServiceProcess.ServiceController[]",,"Stopped","Win32OwnProcess, Win32ShareProcess","Manual",,
"NlaSvc","System.ServiceProcess.ServiceController[]","False","False","False","Network Location Awareness","System.ServiceProcess.ServiceController[]",".","NlaSvc","System.ServiceProcess.ServiceController[]",,"Stopped","Win32ShareProcess","Manual",,
"NPSMSvc_1b81a2","System.ServiceProcess.ServiceController[]","False","False","True","NPSMSvc_1b81a2","System.ServiceProcess.ServiceController[]",".","NPSMSvc_1b81a2","System.ServiceProcess.ServiceController[]",,"Running","240","Manual",,
"nsi","System.ServiceProcess.ServiceController[]","False","False","True","Network Store Interface Service","System.ServiceProcess.ServiceController[]",".","nsi","System.ServiceProcess.ServiceController[]",,"Running","Win32OwnProcess, Win32ShareProcess","Automatic",,
"ntrtscan","System.ServiceProcess.ServiceController[]","False","True","False","Apex One NT RealTime Scan","System.ServiceProcess.ServiceController[]",".","ntrtscan","System.ServiceProcess.ServiceController[]",,"Running","Win32OwnProcess","Automatic",,
"nvagent","System.ServiceProcess.ServiceController[]","False","True","True","Network Virtualization Service","System.ServiceProcess.ServiceController[]",".","nvagent","System.ServiceProcess.ServiceController[]",,"Running","Win32OwnProcess, Win32ShareProcess","Manual",,
"OneDrive Updater Service","System.ServiceProcess.ServiceController[]","False","False","False","OneDrive Updater Service","System.ServiceProcess.ServiceController[]",".","OneDrive Updater Service","System.ServiceProcess.ServiceController[]",,"Stopped","Win32OwnProcess","Manual",,
"OneSyncSvc_1b81a2","System.ServiceProcess.ServiceController[]","False","False","True","Sync Host_1b81a2","System.ServiceProcess.ServiceController[]",".","OneSyncSvc_1b81a2","System.ServiceProcess.ServiceController[]",,"Running","224","Automatic",,
"OpenVPNService","System.ServiceProcess.ServiceController[]","False","False","False","OpenVPN Service","System.ServiceProcess.ServiceController[]",".","OpenVPNService","System.ServiceProcess.ServiceController[]",,"Stopped","Win32ShareProcess","Manual",,
"OpenVPNServiceInteractive","System.ServiceProcess.ServiceController[]","False","False","True","OpenVPN Interactive Service","System.ServiceProcess.ServiceController[]",".","OpenVPNServiceInteractive","System.ServiceProcess.ServiceController[]",,"Running","Win32ShareProcess","Automatic",,
"p2pimsvc","System.ServiceProcess.ServiceController[]","False","False","False","Peer Networking Identity Manager","System.ServiceProcess.ServiceController[]",".","p2pimsvc","System.ServiceProcess.ServiceController[]",,"Stopped","Win32ShareProcess","Manual",,
"p2psvc","System.ServiceProcess.ServiceController[]","False","False","False","Peer Networking Grouping","System.ServiceProcess.ServiceController[]",".","p2psvc","System.ServiceProcess.ServiceController[]",,"Stopped","Win32ShareProcess","Manual",,
"P9RdrService_1b81a2","System.ServiceProcess.ServiceController[]","False","False","False","P9RdrService_1b81a2","System.ServiceProcess.ServiceController[]",".","P9RdrService_1b81a2","System.ServiceProcess.ServiceController[]",,"Stopped","224","Manual",,
"PcaSvc","System.ServiceProcess.ServiceController[]","False","True","True","Program Compatibility Assistant Service","System.ServiceProcess.ServiceController[]",".","PcaSvc","System.ServiceProcess.ServiceController[]",,"Running","Win32OwnProcess, Win32ShareProcess","Automatic",,
"PDF24","System.ServiceProcess.ServiceController[]","False","False","True","PDF24","System.ServiceProcess.ServiceController[]",".","PDF24","System.ServiceProcess.ServiceController[]",,"Running","Win32OwnProcess","Automatic",,
"PeerDistSvc","System.ServiceProcess.ServiceController[]","False","False","False","BranchCache","System.ServiceProcess.ServiceController[]",".","PeerDistSvc","System.ServiceProcess.ServiceController[]",,"Stopped","Win32ShareProcess","Manual",,
"PenService_1b81a2","System.ServiceProcess.ServiceController[]","False","False","False","PenService_1b81a2","System.ServiceProcess.ServiceController[]",".","PenService_1b81a2","System.ServiceProcess.ServiceController[]",,"Stopped","224","Manual",,
"perceptionsimulation","System.ServiceProcess.ServiceController[]","False","False","False","Windows Perception Simulation Service","System.ServiceProcess.ServiceController[]",".","perceptionsimulation","System.ServiceProcess.ServiceController[]",,"Stopped","Win32OwnProcess","Manual",,
"PerfHost","System.ServiceProcess.ServiceController[]","False","False","False","Performance Counter DLL Host","System.ServiceProcess.ServiceController[]",".","PerfHost","System.ServiceProcess.ServiceController[]",,"Stopped","Win32OwnProcess","Manual",,
"PhoneSvc","System.ServiceProcess.ServiceController[]","False","False","True","Phone Service","System.ServiceProcess.ServiceController[]",".","PhoneSvc","System.ServiceProcess.ServiceController[]",,"Running","Win32OwnProcess, Win32ShareProcess","Manual",,
"PimIndexMaintenanceSvc_1b81a2","System.ServiceProcess.ServiceController[]","False","False","True","Contact Data_1b81a2","System.ServiceProcess.ServiceController[]",".","PimIndexMaintenanceSvc_1b81a2","System.ServiceProcess.ServiceController[]",,"Running","224","Manual",,
"pla","System.ServiceProcess.ServiceController[]","False","False","False","Performance Logs & Alerts",,".","pla","System.ServiceProcess.ServiceController[]",,"Stopped","Win32ShareProcess","Manual",,
"PlugPlay","System.ServiceProcess.ServiceController[]","False","True","True","Plug and Play","System.ServiceProcess.ServiceController[]",".","PlugPlay","System.ServiceProcess.ServiceController[]",,"Running","Win32ShareProcess","Manual",,
"PNRPAutoReg","System.ServiceProcess.ServiceController[]","False","False","False","PNRP Machine Name Publication Service","System.ServiceProcess.ServiceController[]",".","PNRPAutoReg","System.ServiceProcess.ServiceController[]",,"Stopped","Win32ShareProcess","Manual",,
"PNRPsvc","System.ServiceProcess.ServiceController[]","False","False","False","Peer Name Resolution Protocol","System.ServiceProcess.ServiceController[]",".","PNRPsvc","System.ServiceProcess.ServiceController[]",,"Stopped","Win32ShareProcess","Manual",,
"PolicyAgent","System.ServiceProcess.ServiceController[]","False","True","True","IPsec Policy Agent","System.ServiceProcess.ServiceController[]",".","PolicyAgent","System.ServiceProcess.ServiceController[]",,"Running","Win32OwnProcess, Win32ShareProcess","Manual",,
"Power","System.ServiceProcess.ServiceController[]","False","False","False","Power","System.ServiceProcess.ServiceController[]",".","Power","System.ServiceProcess.ServiceController[]",,"Running","Win32ShareProcess","Automatic",,
"PrintNotify","System.ServiceProcess.ServiceController[]","False","False","False","Printer Extensions and Notifications","System.ServiceProcess.ServiceController[]",".","PrintNotify","System.ServiceProcess.ServiceController[]",,"Stopped","Win32ShareProcess, InteractiveProcess","Manual",,
"PrintWorkflowUserSvc_1b81a2","System.ServiceProcess.ServiceController[]","False","False","False","PrintWorkflow_1b81a2","System.ServiceProcess.ServiceController[]",".","PrintWorkflowUserSvc_1b81a2","System.ServiceProcess.ServiceController[]",,"Stopped","224","Manual",,
"ProfSvc","System.ServiceProcess.ServiceController[]","False","True","True","User Profile Service","System.ServiceProcess.ServiceController[]",".","ProfSvc","System.ServiceProcess.ServiceController[]",,"Running","Win32OwnProcess, Win32ShareProcess","Automatic",,
"PushToInstall","System.ServiceProcess.ServiceController[]","False","False","False","Windows PushToInstall Service","System.ServiceProcess.ServiceController[]",".","PushToInstall","System.ServiceProcess.ServiceController[]",,"Stopped","Win32OwnProcess, Win32ShareProcess","Manual",,
"QWAVE","System.ServiceProcess.ServiceController[]","False","False","False","Quality Windows Audio Video Experience","System.ServiceProcess.ServiceController[]",".","QWAVE","System.ServiceProcess.ServiceController[]",,"Stopped","Win32ShareProcess","Manual",,
"RasAuto","System.ServiceProcess.ServiceController[]","False","False","False","Remote Access Auto Connection Manager","System.ServiceProcess.ServiceController[]",".","RasAuto","System.ServiceProcess.ServiceController[]",,"Stopped","Win32ShareProcess","Manual",,
"RasMan","System.ServiceProcess.ServiceController[]","False","True","True","Remote Access Connection Manager","System.ServiceProcess.ServiceController[]",".","RasMan","System.ServiceProcess.ServiceController[]",,"Running","Win32ShareProcess","Manual",,
"RemoteAccess","System.ServiceProcess.ServiceController[]","False","False","False","Routing and Remote Access","System.ServiceProcess.ServiceController[]",".","RemoteAccess","System.ServiceProcess.ServiceController[]",,"Stopped","Win32ShareProcess","Disabled",,
"RemoteRegistry","System.ServiceProcess.ServiceController[]","False","False","False","Remote Registry","System.ServiceProcess.ServiceController[]",".","RemoteRegistry","System.ServiceProcess.ServiceController[]",,"Stopped","Win32ShareProcess","Disabled",,
"RetailDemo","System.ServiceProcess.ServiceController[]","False","False","False","Retail Demo Service","System.ServiceProcess.ServiceController[]",".","RetailDemo","System.ServiceProcess.ServiceController[]",,"Stopped","Win32ShareProcess","Manual",,
"RmSvc","System.ServiceProcess.ServiceController[]","False","False","True","Radio Management Service","System.ServiceProcess.ServiceController[]",".","RmSvc","System.ServiceProcess.ServiceController[]",,"Running","Win32OwnProcess, Win32ShareProcess","Manual",,
"RpcEptMapper","System.ServiceProcess.ServiceController[]","False","False","False","RPC Endpoint Mapper",,".","RpcEptMapper","System.ServiceProcess.ServiceController[]",,"Running","Win32ShareProcess","Automatic",,
"RpcLocator","System.ServiceProcess.ServiceController[]","False","False","True","Remote Procedure Call (RPC) Locator","System.ServiceProcess.ServiceController[]",".","RpcLocator","System.ServiceProcess.ServiceController[]",,"Running","Win32OwnProcess","Manual",,
"RpcSs","System.ServiceProcess.ServiceController[]","False","False","False","Remote Procedure Call (RPC)",,".","RpcSs","System.ServiceProcess.ServiceController[]",,"Running","Win32ShareProcess","Automatic",,
"RtkAudioUniversalService","System.ServiceProcess.ServiceController[]","False","True","True","Realtek Audio Universal Service","System.ServiceProcess.ServiceController[]",".","RtkAudioUniversalService","System.ServiceProcess.ServiceController[]",,"Running","Win32OwnProcess","Automatic",,
"SamSs","System.ServiceProcess.ServiceController[]","False","False","False","Security Accounts Manager","System.ServiceProcess.ServiceController[]",".","SamSs","System.ServiceProcess.ServiceController[]",,"Running","Win32ShareProcess","Automatic",,
"SCardSvr","System.ServiceProcess.ServiceController[]","False","False","False","Smart Card","System.ServiceProcess.ServiceController[]",".","SCardSvr","System.ServiceProcess.ServiceController[]",,"Stopped","Win32ShareProcess","Manual",,
"ScDeviceEnum","System.ServiceProcess.ServiceController[]","False","False","False","Smart Card Device Enumeration Service","System.ServiceProcess.ServiceController[]",".","ScDeviceEnum","System.ServiceProcess.ServiceController[]",,"Stopped","Win32ShareProcess","Manual",,
"SCPolicySvc","System.ServiceProcess.ServiceController[]","False","False","False","Smart Card Removal Policy","System.ServiceProcess.ServiceController[]",".","SCPolicySvc","System.ServiceProcess.ServiceController[]",,"Stopped","Win32ShareProcess","Manual",,
"SDRSVC","System.ServiceProcess.ServiceController[]","False","False","False","Windows Backup","System.ServiceProcess.ServiceController[]",".","SDRSVC","System.ServiceProcess.ServiceController[]",,"Stopped","Win32OwnProcess","Manual",,
"seclogon","System.ServiceProcess.ServiceController[]","False","False","False","Secondary Logon","System.ServiceProcess.ServiceController[]",".","seclogon","System.ServiceProcess.ServiceController[]",,"Stopped","Win32ShareProcess","Manual",,
"SecurityHealthService","System.ServiceProcess.ServiceController[]","False","False","False","Windows Security Service","System.ServiceProcess.ServiceController[]",".","SecurityHealthService","System.ServiceProcess.ServiceController[]",,"Running","Win32OwnProcess","Manual",,
"SEMgrSvc","System.ServiceProcess.ServiceController[]","False","False","False","Payments and NFC/SE Manager","System.ServiceProcess.ServiceController[]",".","SEMgrSvc","System.ServiceProcess.ServiceController[]",,"Stopped","Win32OwnProcess","Manual",,
"SENS","System.ServiceProcess.ServiceController[]","False","False","True","System Event Notification Service","System.ServiceProcess.ServiceController[]",".","SENS","System.ServiceProcess.ServiceController[]",,"Running","Win32OwnProcess, Win32ShareProcess","Automatic",,
"Sense","System.ServiceProcess.ServiceController[]","False","False","False","Windows Defender Advanced Threat Protection Service","System.ServiceProcess.ServiceController[]",".","Sense","System.ServiceProcess.ServiceController[]",,"Stopped","Win32OwnProcess","Manual",,
"SensorDataService","System.ServiceProcess.ServiceController[]","False","False","False","Sensor Data Service","System.ServiceProcess.ServiceController[]",".","SensorDataService","System.ServiceProcess.ServiceController[]",,"Stopped","Win32OwnProcess","Manual",,
"SensorService","System.ServiceProcess.ServiceController[]","False","False","True","Sensor Service","System.ServiceProcess.ServiceController[]",".","SensorService","System.ServiceProcess.ServiceController[]",,"Running","Win32OwnProcess, Win32ShareProcess","Manual",,
"SensrSvc","System.ServiceProcess.ServiceController[]","False","False","False","Sensor Monitoring Service","System.ServiceProcess.ServiceController[]",".","SensrSvc","System.ServiceProcess.ServiceController[]",,"Stopped","Win32ShareProcess","Manual",,
"SessionEnv","System.ServiceProcess.ServiceController[]","False","False","False","Remote Desktop Configuration","System.ServiceProcess.ServiceController[]",".","SessionEnv","System.ServiceProcess.ServiceController[]",,"Stopped","Win32ShareProcess","Manual",,
"SgrmBroker","System.ServiceProcess.ServiceController[]","False","False","False","System Guard Runtime Monitor Broker","System.ServiceProcess.ServiceController[]",".","SgrmBroker","System.ServiceProcess.ServiceController[]",,"Stopped","Win32OwnProcess","Disabled",,
"SharedAccess","System.ServiceProcess.ServiceController[]","False","False","True","Internet Connection Sharing (ICS)","System.ServiceProcess.ServiceController[]",".","SharedAccess","System.ServiceProcess.ServiceController[]",,"Running","Win32OwnProcess, Win32ShareProcess","Manual",,
"SharedRealitySvc","System.ServiceProcess.ServiceController[]","False","False","False","Spatial Data Service","System.ServiceProcess.ServiceController[]",".","SharedRealitySvc","System.ServiceProcess.ServiceController[]",,"Stopped","Win32ShareProcess","Manual",,
"ShellHWDetection","System.ServiceProcess.ServiceController[]","False","False","True","Shell Hardware Detection","System.ServiceProcess.ServiceController[]",".","ShellHWDetection","System.ServiceProcess.ServiceController[]",,"Running","Win32OwnProcess, Win32ShareProcess","Automatic",,
"shpamsvc","System.ServiceProcess.ServiceController[]","False","False","False","Shared PC Account Manager","System.ServiceProcess.ServiceController[]",".","shpamsvc","System.ServiceProcess.ServiceController[]",,"Stopped","Win32ShareProcess","Disabled",,
"smphost","System.ServiceProcess.ServiceController[]","False","False","False","Microsoft Storage Spaces SMP","System.ServiceProcess.ServiceController[]",".","smphost","System.ServiceProcess.ServiceController[]",,"Stopped","Win32OwnProcess","Manual",,
"SmsRouter","System.ServiceProcess.ServiceController[]","False","False","False","Microsoft Windows SMS Router Service.",,".","SmsRouter","System.ServiceProcess.ServiceController[]",,"Stopped","Win32ShareProcess","Manual",,
"SNMPTrap","System.ServiceProcess.ServiceController[]","False","False","False","SNMP Trap","System.ServiceProcess.ServiceController[]",".","SNMPTrap","System.ServiceProcess.ServiceController[]",,"Stopped","Win32OwnProcess","Manual",,
"spectrum","System.ServiceProcess.ServiceController[]","False","False","False","Windows Perception Service","System.ServiceProcess.ServiceController[]",".","spectrum","System.ServiceProcess.ServiceController[]",,"Stopped","Win32OwnProcess","Manual",,
"sppsvc","System.ServiceProcess.ServiceController[]","False","False","False","Software Protection","System.ServiceProcess.ServiceController[]",".","sppsvc","System.ServiceProcess.ServiceController[]",,"Stopped","Win32OwnProcess","Automatic",,
"SSDPSRV","System.ServiceProcess.ServiceController[]","False","True","True","SSDP Discovery","System.ServiceProcess.ServiceController[]",".","SSDPSRV","System.ServiceProcess.ServiceController[]",,"Running","Win32OwnProcess, Win32ShareProcess","Manual",,
"ssh-agent","System.ServiceProcess.ServiceController[]","False","False","False","OpenSSH Authentication Agent","System.ServiceProcess.ServiceController[]",".","ssh-agent","System.ServiceProcess.ServiceController[]",,"Stopped","Win32OwnProcess","Disabled",,
"SstpSvc","System.ServiceProcess.ServiceController[]","False","True","True","Secure Socket Tunneling Protocol Service","System.ServiceProcess.ServiceController[]",".","SstpSvc","System.ServiceProcess.ServiceController[]",,"Running","Win32OwnProcess, Win32ShareProcess","Manual",,
"StateRepository","System.ServiceProcess.ServiceController[]","False","True","True","State Repository Service","System.ServiceProcess.ServiceController[]",".","StateRepository","System.ServiceProcess.ServiceController[]",,"Running","Win32OwnProcess, Win32ShareProcess","Automatic",,
"StiSvc","System.ServiceProcess.ServiceController[]","True","True","True","Windows Image Acquisition (WIA)","System.ServiceProcess.ServiceController[]",".","StiSvc","System.ServiceProcess.ServiceController[]",,"Running","Win32OwnProcess","Automatic",,
"StorSvc","System.ServiceProcess.ServiceController[]","False","False","True","Storage Service","System.ServiceProcess.ServiceController[]",".","StorSvc","System.ServiceProcess.ServiceController[]",,"Running","Win32OwnProcess, Win32ShareProcess","Automatic",,
"svsvc","System.ServiceProcess.ServiceController[]","False","False","False","Spot Verifier","System.ServiceProcess.ServiceController[]",".","svsvc","System.ServiceProcess.ServiceController[]",,"Stopped","Win32ShareProcess","Manual",,
"swprv","System.ServiceProcess.ServiceController[]","False","False","False","Microsoft Software Shadow Copy Provider","System.ServiceProcess.ServiceController[]",".","swprv","System.ServiceProcess.ServiceController[]",,"Stopped","Win32OwnProcess","Manual",,
"SynHsaService","System.ServiceProcess.ServiceController[]","False","True","True","SynHsaService","System.ServiceProcess.ServiceController[]",".","SynHsaService","System.ServiceProcess.ServiceController[]",,"Running","Win32OwnProcess","Automatic",,
"SysMain","System.ServiceProcess.ServiceController[]","False","True","True","SysMain","System.ServiceProcess.ServiceController[]",".","SysMain","System.ServiceProcess.ServiceController[]",,"Running","Win32OwnProcess, Win32ShareProcess","Automatic",,
"SystemEventsBroker","System.ServiceProcess.ServiceController[]","False","False","True","System Events Broker",,".","SystemEventsBroker","System.ServiceProcess.ServiceController[]",,"Running","Win32ShareProcess","Automatic",,
"TapiSrv","System.ServiceProcess.ServiceController[]","False","False","False","Telephony","System.ServiceProcess.ServiceController[]",".","TapiSrv","System.ServiceProcess.ServiceController[]",,"Stopped","Win32ShareProcess","Manual",,
"TermService","System.ServiceProcess.ServiceController[]","False","False","False","Remote Desktop Services","System.ServiceProcess.ServiceController[]",".","TermService","System.ServiceProcess.ServiceController[]",,"Stopped","Win32ShareProcess","Manual",,
"TextInputManagementService","System.ServiceProcess.ServiceController[]","False","False","False","Text Input Management Service","System.ServiceProcess.ServiceController[]",".","TextInputManagementService","System.ServiceProcess.ServiceController[]",,"Running","Win32OwnProcess, Win32ShareProcess","Automatic",,
"Themes","System.ServiceProcess.ServiceController[]","False","False","True","Themes","System.ServiceProcess.ServiceController[]",".","Themes","System.ServiceProcess.ServiceController[]",,"Running","Win32OwnProcess, Win32ShareProcess","Automatic",,
"TieringEngineService","System.ServiceProcess.ServiceController[]","False","False","False","Storage Tiers Management","System.ServiceProcess.ServiceController[]",".","TieringEngineService","System.ServiceProcess.ServiceController[]",,"Stopped","Win32OwnProcess","Manual",,
"TimeBrokerSvc","System.ServiceProcess.ServiceController[]","False","False","True","Time Broker",,".","TimeBrokerSvc","System.ServiceProcess.ServiceController[]",,"Running","Win32OwnProcess, Win32ShareProcess","Manual",,
"TMBMServer","System.ServiceProcess.ServiceController[]","False","True","False","Trend Micro Unauthorized Change Prevention Service","System.ServiceProcess.ServiceController[]",".","TMBMServer","System.ServiceProcess.ServiceController[]",,"Running","Win32OwnProcess","Manual",,
"TmCCSF","System.ServiceProcess.ServiceController[]","False","True","False","Apex One Common Client Solution Framework","System.ServiceProcess.ServiceController[]",".","TmCCSF","System.ServiceProcess.ServiceController[]",,"Running","Win32OwnProcess","Manual",,
"tmlisten","System.ServiceProcess.ServiceController[]","False","True","False","Apex One NT Listener","System.ServiceProcess.ServiceController[]",".","tmlisten","System.ServiceProcess.ServiceController[]",,"Running","Win32OwnProcess","Automatic",,
"TmPfw","System.ServiceProcess.ServiceController[]","False","True","False","Apex One NT Firewall","System.ServiceProcess.ServiceController[]",".","TmPfw","System.ServiceProcess.ServiceController[]",,"Running","Win32OwnProcess","Manual",,
"TmWSCSvc","System.ServiceProcess.ServiceController[]","False","True","False","Apex One NT WSC Service","System.ServiceProcess.ServiceController[]",".","TmWSCSvc","System.ServiceProcess.ServiceController[]",,"Running","Win32OwnProcess","Manual",,
"TokenBroker","System.ServiceProcess.ServiceController[]","False","False","True","Web Account Manager","System.ServiceProcess.ServiceController[]",".","TokenBroker","System.ServiceProcess.ServiceController[]",,"Running","Win32OwnProcess, Win32ShareProcess","Manual",,
"TPHKLOAD","System.ServiceProcess.ServiceController[]","False","False","True","Lenovo Hotkey Client Loader","System.ServiceProcess.ServiceController[]",".","TPHKLOAD","System.ServiceProcess.ServiceController[]",,"Running","Win32OwnProcess","Automatic",,
"TrkWks","System.ServiceProcess.ServiceController[]","False","True","True","Distributed Link Tracking Client","System.ServiceProcess.ServiceController[]",".","TrkWks","System.ServiceProcess.ServiceController[]",,"Running","Win32OwnProcess, Win32ShareProcess","Automatic",,
"TroubleshootingSvc","System.ServiceProcess.ServiceController[]","False","False","False","Recommended Troubleshooting Service","System.ServiceProcess.ServiceController[]",".","TroubleshootingSvc","System.ServiceProcess.ServiceController[]",,"Stopped","Win32ShareProcess","Manual",,
"tzautoupdate","System.ServiceProcess.ServiceController[]","False","False","False","Auto Time Zone Updater","System.ServiceProcess.ServiceController[]",".","tzautoupdate","System.ServiceProcess.ServiceController[]",,"Stopped","Win32ShareProcess","Disabled",,
"UdkUserSvc_1b81a2","System.ServiceProcess.ServiceController[]","False","False","True","Udk User Service_1b81a2","System.ServiceProcess.ServiceController[]",".","UdkUserSvc_1b81a2","System.ServiceProcess.ServiceController[]",,"Running","240","Manual",,
"UevAgentService","System.ServiceProcess.ServiceController[]","False","False","False","User Experience Virtualization Service","System.ServiceProcess.ServiceController[]",".","UevAgentService","System.ServiceProcess.ServiceController[]",,"Stopped","Win32OwnProcess","Disabled",,
"uhssvc","System.ServiceProcess.ServiceController[]","False","True","True","Microsoft Update Health Service","System.ServiceProcess.ServiceController[]",".","uhssvc","System.ServiceProcess.ServiceController[]",,"Running","Win32OwnProcess","Automatic",,
"UmRdpService","System.ServiceProcess.ServiceController[]","False","False","False","Remote Desktop Services UserMode Port Redirector","System.ServiceProcess.ServiceController[]",".","UmRdpService","System.ServiceProcess.ServiceController[]",,"Stopped","Win32ShareProcess","Manual",,
"UnistoreSvc_1b81a2","System.ServiceProcess.ServiceController[]","False","False","True","User Data Storage_1b81a2","System.ServiceProcess.ServiceController[]",".","UnistoreSvc_1b81a2","System.ServiceProcess.ServiceController[]",,"Running","224","Manual",,
"upnphost","System.ServiceProcess.ServiceController[]","False","False","False","UPnP Device Host","System.ServiceProcess.ServiceController[]",".","upnphost","System.ServiceProcess.ServiceController[]",,"Stopped","Win32ShareProcess","Manual",,
"UserDataSvc_1b81a2","System.ServiceProcess.ServiceController[]","False","False","True","User Data Access_1b81a2","System.ServiceProcess.ServiceController[]",".","UserDataSvc_1b81a2","System.ServiceProcess.ServiceController[]",,"Running","224","Manual",,
"UserManager","System.ServiceProcess.ServiceController[]","False","False","True","User Manager","System.ServiceProcess.ServiceController[]",".","UserManager","System.ServiceProcess.ServiceController[]",,"Running","Win32OwnProcess, Win32ShareProcess","Automatic",,
"UsoSvc","System.ServiceProcess.ServiceController[]","False","True","True","Update Orchestrator Service","System.ServiceProcess.ServiceController[]",".","UsoSvc","System.ServiceProcess.ServiceController[]",,"Running","Win32OwnProcess, Win32ShareProcess","Automatic",,
"VacSvc","System.ServiceProcess.ServiceController[]","False","False","False","Volumetric Audio Compositor Service","System.ServiceProcess.ServiceController[]",".","VacSvc","System.ServiceProcess.ServiceController[]",,"Stopped","Win32OwnProcess","Manual",,
"VaultSvc","System.ServiceProcess.ServiceController[]","False","True","True","Credential Manager","System.ServiceProcess.ServiceController[]",".","VaultSvc","System.ServiceProcess.ServiceController[]",,"Running","Win32ShareProcess","Manual",,
"VBoxSDS","System.ServiceProcess.ServiceController[]","False","False","False","VirtualBox system service","System.ServiceProcess.ServiceController[]",".","VBoxSDS","System.ServiceProcess.ServiceController[]",,"Stopped","Win32OwnProcess","Manual",,
"vds","System.ServiceProcess.ServiceController[]","False","False","False","Virtual Disk","System.ServiceProcess.ServiceController[]",".","vds","System.ServiceProcess.ServiceController[]",,"Stopped","Win32OwnProcess","Manual",,
"vmcompute","System.ServiceProcess.ServiceController[]","False","False","True","Hyper-V Host Compute Service","System.ServiceProcess.ServiceController[]",".","vmcompute","System.ServiceProcess.ServiceController[]",,"Running","Win32OwnProcess","Manual",,
"vmicguestinterface","System.ServiceProcess.ServiceController[]","False","False","False","Hyper-V Guest Service Interface","System.ServiceProcess.ServiceController[]",".","vmicguestinterface","System.ServiceProcess.ServiceController[]",,"Stopped","Win32ShareProcess","Manual",,
"vmicheartbeat","System.ServiceProcess.ServiceController[]","False","False","False","Hyper-V Heartbeat Service","System.ServiceProcess.ServiceController[]",".","vmicheartbeat","System.ServiceProcess.ServiceController[]",,"Stopped","Win32ShareProcess","Manual",,
"vmickvpexchange","System.ServiceProcess.ServiceController[]","False","False","False","Hyper-V Data Exchange Service","System.ServiceProcess.ServiceController[]",".","vmickvpexchange","System.ServiceProcess.ServiceController[]",,"Stopped","Win32ShareProcess","Manual",,
"vmicrdv","System.ServiceProcess.ServiceController[]","False","False","False","Hyper-V Remote Desktop Virtualization Service","System.ServiceProcess.ServiceController[]",".","vmicrdv","System.ServiceProcess.ServiceController[]",,"Stopped","Win32ShareProcess","Manual",,
"vmicshutdown","System.ServiceProcess.ServiceController[]","False","False","False","Hyper-V Guest Shutdown Service","System.ServiceProcess.ServiceController[]",".","vmicshutdown","System.ServiceProcess.ServiceController[]",,"Stopped","Win32ShareProcess","Manual",,
"vmictimesync","System.ServiceProcess.ServiceController[]","False","False","False","Hyper-V Time Synchronization Service","System.ServiceProcess.ServiceController[]",".","vmictimesync","System.ServiceProcess.ServiceController[]",,"Stopped","Win32ShareProcess","Manual",,
"vmicvmsession","System.ServiceProcess.ServiceController[]","False","False","False","Hyper-V PowerShell Direct Service","System.ServiceProcess.ServiceController[]",".","vmicvmsession","System.ServiceProcess.ServiceController[]",,"Stopped","Win32ShareProcess","Manual",,
"vmicvss","System.ServiceProcess.ServiceController[]","False","False","False","Hyper-V Volume Shadow Copy Requestor","System.ServiceProcess.ServiceController[]",".","vmicvss","System.ServiceProcess.ServiceController[]",,"Stopped","Win32ShareProcess","Manual",,
"vmms","System.ServiceProcess.ServiceController[]","False","False","True","Hyper-V Virtual Machine Management","System.ServiceProcess.ServiceController[]",".","vmms","System.ServiceProcess.ServiceController[]",,"Running","Win32OwnProcess","Automatic",,
"VSS","System.ServiceProcess.ServiceController[]","False","False","False","Volume Shadow Copy","System.ServiceProcess.ServiceController[]",".","VSS","System.ServiceProcess.ServiceController[]",,"Stopped","Win32OwnProcess","Manual",,
"W32Time","System.ServiceProcess.ServiceController[]","False","True","True","Windows Time","System.ServiceProcess.ServiceController[]",".","W32Time","System.ServiceProcess.ServiceController[]",,"Running","Win32OwnProcess, Win32ShareProcess","Manual",,
"WaaSMedicSvc","System.ServiceProcess.ServiceController[]","False","False","False","WaaSMedicSvc","System.ServiceProcess.ServiceController[]",".","WaaSMedicSvc","System.ServiceProcess.ServiceController[]",,"Stopped","Win32OwnProcess, Win32ShareProcess","Manual",,
"WalletService","System.ServiceProcess.ServiceController[]","False","False","False","WalletService","System.ServiceProcess.ServiceController[]",".","WalletService","System.ServiceProcess.ServiceController[]",,"Stopped","Win32ShareProcess","Manual",,
"WarpJITSvc","System.ServiceProcess.ServiceController[]","False","False","False","Warp JIT Service","System.ServiceProcess.ServiceController[]",".","WarpJITSvc","System.ServiceProcess.ServiceController[]",,"Stopped","Win32OwnProcess","Manual",,
"wbengine","System.ServiceProcess.ServiceController[]","False","False","False","Block Level Backup Engine Service","System.ServiceProcess.ServiceController[]",".","wbengine","System.ServiceProcess.ServiceController[]",,"Stopped","Win32OwnProcess","Manual",,
"WbioSrvc","System.ServiceProcess.ServiceController[]","False","False","False","Windows Biometric Service","System.ServiceProcess.ServiceController[]",".","WbioSrvc","System.ServiceProcess.ServiceController[]",,"Stopped","Win32OwnProcess, Win32ShareProcess","Automatic",,
"Wcmsvc","System.ServiceProcess.ServiceController[]","False","True","True","Windows Connection Manager","System.ServiceProcess.ServiceController[]",".","Wcmsvc","System.ServiceProcess.ServiceController[]",,"Running","Win32OwnProcess","Automatic",,
"wcncsvc","System.ServiceProcess.ServiceController[]","False","True","True","Windows Connect Now - Config Registrar","System.ServiceProcess.ServiceController[]",".","wcncsvc","System.ServiceProcess.ServiceController[]",,"Running","Win32OwnProcess, Win32ShareProcess","Manual",,
"WdiServiceHost","System.ServiceProcess.ServiceController[]","False","False","False","Diagnostic Service Host","System.ServiceProcess.ServiceController[]",".","WdiServiceHost","System.ServiceProcess.ServiceController[]",,"Stopped","Win32ShareProcess","Manual",,
"WdiSystemHost","System.ServiceProcess.ServiceController[]","False","True","True","Diagnostic System Host","System.ServiceProcess.ServiceController[]",".","WdiSystemHost","System.ServiceProcess.ServiceController[]",,"Running","Win32OwnProcess, Win32ShareProcess","Manual",,
"WdNisSvc","System.ServiceProcess.ServiceController[]","False","False","False","Microsoft Defender Antivirus Network Inspection Service","System.ServiceProcess.ServiceController[]",".","WdNisSvc","System.ServiceProcess.ServiceController[]",,"Stopped","Win32OwnProcess","Manual",,
"WebClient","System.ServiceProcess.ServiceController[]","False","False","False","WebClient","System.ServiceProcess.ServiceController[]",".","WebClient","System.ServiceProcess.ServiceController[]",,"Stopped","Win32ShareProcess","Manual",,
"webthreatdefsvc","System.ServiceProcess.ServiceController[]","True","True","True","Web Threat Defense Service","System.ServiceProcess.ServiceController[]",".","webthreatdefsvc","System.ServiceProcess.ServiceController[]",,"Running","Win32OwnProcess, Win32ShareProcess","Manual",,
"webthreatdefusersvc_1b81a2","System.ServiceProcess.ServiceController[]","True","True","True","Web Threat Defense User Service_1b81a2","System.ServiceProcess.ServiceController[]",".","webthreatdefusersvc_1b81a2","System.ServiceProcess.ServiceController[]",,"Running","240","Automatic",,
"Wecsvc","System.ServiceProcess.ServiceController[]","False","False","False","Windows Event Collector","System.ServiceProcess.ServiceController[]",".","Wecsvc","System.ServiceProcess.ServiceController[]",,"Stopped","Win32ShareProcess","Manual",,
"WEPHOSTSVC","System.ServiceProcess.ServiceController[]","False","False","False","Windows Encryption Provider Host Service","System.ServiceProcess.ServiceController[]",".","WEPHOSTSVC","System.ServiceProcess.ServiceController[]",,"Stopped","Win32ShareProcess","Manual",,
"wercplsupport","System.ServiceProcess.ServiceController[]","False","False","False","Problem Reports Control Panel Support","System.ServiceProcess.ServiceController[]",".","wercplsupport","System.ServiceProcess.ServiceController[]",,"Stopped","Win32ShareProcess","Manual",,
"WerSvc","System.ServiceProcess.ServiceController[]","False","False","False","Windows Error Reporting Service","System.ServiceProcess.ServiceController[]",".","WerSvc","System.ServiceProcess.ServiceController[]",,"Stopped","Win32OwnProcess","Manual",,
"WFDSConMgrSvc","System.ServiceProcess.ServiceController[]","False","True","True","Wi-Fi Direct Services Connection Manager Service","System.ServiceProcess.ServiceController[]",".","WFDSConMgrSvc","System.ServiceProcess.ServiceController[]",,"Running","Win32OwnProcess, Win32ShareProcess","Manual",,
"WiaRpc","System.ServiceProcess.ServiceController[]","False","False","False","Still Image Acquisition Events","System.ServiceProcess.ServiceController[]",".","WiaRpc","System.ServiceProcess.ServiceController[]",,"Stopped","Win32ShareProcess","Manual",,
"WinHttpAutoProxySvc","System.ServiceProcess.ServiceController[]","False","True","False","WinHTTP Web Proxy Auto-Discovery Service","System.ServiceProcess.ServiceController[]",".","WinHttpAutoProxySvc","System.ServiceProcess.ServiceController[]",,"Running","Win32OwnProcess, Win32ShareProcess","Manual",,
"Winmgmt","System.ServiceProcess.ServiceController[]","True","True","True","Windows Management Instrumentation","System.ServiceProcess.ServiceController[]",".","Winmgmt","System.ServiceProcess.ServiceController[]",,"Running","Win32OwnProcess, Win32ShareProcess","Automatic",,
"WinRM","System.ServiceProcess.ServiceController[]","False","False","False","Windows Remote Management (WS-Management)","System.ServiceProcess.ServiceController[]",".","WinRM","System.ServiceProcess.ServiceController[]",,"Stopped","Win32ShareProcess","Manual",,
"wisvc","System.ServiceProcess.ServiceController[]","False","False","False","Windows Insider Service","System.ServiceProcess.ServiceController[]",".","wisvc","System.ServiceProcess.ServiceController[]",,"Stopped","Win32OwnProcess, Win32ShareProcess","Manual",,
"WlanSvc","System.ServiceProcess.ServiceController[]","False","True","True","WLAN AutoConfig","System.ServiceProcess.ServiceController[]",".","WlanSvc","System.ServiceProcess.ServiceController[]",,"Running","Win32OwnProcess","Automatic",,
"wlidsvc","System.ServiceProcess.ServiceController[]","False","False","False","Microsoft Account Sign-in Assistant","System.ServiceProcess.ServiceController[]",".","wlidsvc","System.ServiceProcess.ServiceController[]",,"Stopped","Win32OwnProcess, Win32ShareProcess","Manual",,
"wlpasvc","System.ServiceProcess.ServiceController[]","False","False","False","Local Profile Assistant Service","System.ServiceProcess.ServiceController[]",".","wlpasvc","System.ServiceProcess.ServiceController[]",,"Stopped","Win32ShareProcess","Manual",,
"WManSvc","System.ServiceProcess.ServiceController[]","False","False","False","Windows Management Service","System.ServiceProcess.ServiceController[]",".","WManSvc","System.ServiceProcess.ServiceController[]",,"Stopped","Win32ShareProcess","Manual",,
"wmiApSrv","System.ServiceProcess.ServiceController[]","False","False","True","WMI Performance Adapter","System.ServiceProcess.ServiceController[]",".","wmiApSrv","System.ServiceProcess.ServiceController[]",,"Running","Win32OwnProcess","Manual",,
"WMIRegistrationService","System.ServiceProcess.ServiceController[]","False","False","True","Intel(R) Management Engine WMI Provider Registration","System.ServiceProcess.ServiceController[]",".","WMIRegistrationService","System.ServiceProcess.ServiceController[]",,"Running","Win32OwnProcess","Automatic",,
"WMPNetworkSvc","System.ServiceProcess.ServiceController[]","False","False","False","Windows Media Player Network Sharing Service","System.ServiceProcess.ServiceController[]",".","WMPNetworkSvc","System.ServiceProcess.ServiceController[]",,"Stopped","Win32OwnProcess","Manual",,
"workfolderssvc","System.ServiceProcess.ServiceController[]","False","False","False","Work Folders","System.ServiceProcess.ServiceController[]",".","workfolderssvc","System.ServiceProcess.ServiceController[]",,"Stopped","Win32ShareProcess","Manual",,
"WpcMonSvc","System.ServiceProcess.ServiceController[]","False","False","False","Parental Controls","System.ServiceProcess.ServiceController[]",".","WpcMonSvc","System.ServiceProcess.ServiceController[]",,"Stopped","Win32OwnProcess","Manual",,
"WPDBusEnum","System.ServiceProcess.ServiceController[]","False","False","False","Portable Device Enumerator Service","System.ServiceProcess.ServiceController[]",".","WPDBusEnum","System.ServiceProcess.ServiceController[]",,"Stopped","Win32OwnProcess, Win32ShareProcess","Manual",,
"WpnService","System.ServiceProcess.ServiceController[]","False","False","True","Windows Push Notifications System Service","System.ServiceProcess.ServiceController[]",".","WpnService","System.ServiceProcess.ServiceController[]",,"Running","Win32OwnProcess, Win32ShareProcess","Automatic",,
"WpnUserService_1b81a2","System.ServiceProcess.ServiceController[]","False","False","True","Windows Push Notifications User Service_1b81a2","System.ServiceProcess.ServiceController[]",".","WpnUserService_1b81a2","System.ServiceProcess.ServiceController[]",,"Running","240","Automatic",,
"WslInstaller","System.ServiceProcess.ServiceController[]","False","False","False","Windows Subsystem for Linux","System.ServiceProcess.ServiceController[]",".","WslInstaller","System.ServiceProcess.ServiceController[]",,"Stopped","528","Automatic",,
"WwanSvc","System.ServiceProcess.ServiceController[]","False","False","False","WWAN AutoConfig","System.ServiceProcess.ServiceController[]",".","WwanSvc","System.ServiceProcess.ServiceController[]",,"Stopped","Win32ShareProcess","Manual",,
"XblAuthManager","System.ServiceProcess.ServiceController[]","False","False","False","Xbox Live Auth Manager","System.ServiceProcess.ServiceController[]",".","XblAuthManager","System.ServiceProcess.ServiceController[]",,"Stopped","Win32ShareProcess","Manual",,
"XblGameSave","System.ServiceProcess.ServiceController[]","False","False","False","Xbox Live Game Save","System.ServiceProcess.ServiceController[]",".","XblGameSave","System.ServiceProcess.ServiceController[]",,"Stopped","Win32ShareProcess","Manual",,
"XboxGipSvc","System.ServiceProcess.ServiceController[]","False","False","False","Xbox Accessory Management Service","System.ServiceProcess.ServiceController[]",".","XboxGipSvc","System.ServiceProcess.ServiceController[]",,"Stopped","Win32ShareProcess","Manual",,
"XboxNetApiSvc","System.ServiceProcess.ServiceController[]","False","False","False","Xbox Live Networking Service","System.ServiceProcess.ServiceController[]",".","XboxNetApiSvc","System.ServiceProcess.ServiceController[]",,"Stopped","Win32ShareProcess","Manual",,
